{"cameraMode":{"drawMode":0,"name":"Shaded","section":"Shading Mode"},"sceneLighting":true,"audioPlay":false,"sceneViewState":{"m_AlwaysRefresh":false,"showFog":true,"showSkybox":true,"showFlares":true,"showImageEffects":true,"showParticleSystems":true,"showVisualEffectGraphs":true,"m_FxEnabled":true},"in2DMode":false,"pivot":{"x":-8.432244300842286,"y":9.188506126403809,"z":-10.852787017822266},"rotation":{"x":-0.5510975122451782,"y":0.016766253858804704,"z":-0.011078923009335995,"w":-0.8342044353485107},"size":7.306094169616699,"orthographic":false}